player,bdi_total,dep_status,dep_meds,dep_family
89,6,2,4,1
92,6,2,4,2
106,1,2,4,3
113,2,3,3,2
194,5,3,4,3
217,18,3,4,2
257,10,3,4,3
466,24,3,4,3
504,11,3,4,3
552,12,3,4,3
609,8,3,4,3
616,6,3,4,1
676,24,3,4,3
722,0,3,4,3
736,49,3,4,1
777,32,3,4,3
812,13,3,4,2
848,11,1,2,1
897,6,1,4,3
926,7,3,4,3
953,8,3,4,3
966,22,3,4,2
1045,11,3,4,3
1105,10,3,4,2
1229,0,3,4,3
1369,7,3,4,1
1379,27,3,4,1
1477,17,3,4,2
1530,0,3,4,2
1599,0,2,3,2
1767,17,3,4,2
1783,12,3,4,3
1801,0,3,4,1
1887,18,1,1,1
1901,4,3,4,2
2003,2,2,4,1
2087,9,3,5,3
2201,11,1,4,2
2214,20,3,4,1
2280,29,1,1,2
2390,10,4,5,4
2398,8,2,3,1
2448,5,3,4,3
2476,9,3,4,3
2525,9,1,1,1
2604,3,3,4,2
2925,12,1,2,3
3153,28,3,4,2
3185,18,1,1,3
3280,17,2,4,1
3385,8,3,4,2
3545,6,3,4,3
3798,8,1,1,1
3806,3,3,4,3
3822,0,3,4,2
3884,11,3,4,1
4137,3,4,5,4
4252,0,3,4,3
4340,11,2,4,3
4344,25,3,4,3
4372,24,1,3,2
4395,24,3,4,2
4412,17,2,1,3
4685,31,3,5,4
4697,5,2,4,1
4744,9,3,4,2
4856,9,3,4,3
5044,4,3,4,3
5144,1,1,3,3
5225,3,3,4,1
5510,40,3,4,1
5728,6,3,4,3
5822,11,1,3,1
5945,2,3,4,2
5962,12,3,4,1
6074,1,3,4,3
6174,16,2,2,2
6191,30,1,2,2
6261,10,2,4,2
6301,13,3,2,3
6327,33,3,1,1
6364,12,3,4,1
6580,15,4,5,4
6591,6,3,4,3
6602,6,3,4,3
6633,0,3,4,3
6716,1,2,4,3
6747,7,2,2,3
6751,28,3,4,3
6801,8,3,1,2
6903,5,3,1,3
6965,0,3,4,1
7001,34,1,1,1
7025,0,3,4,3
7054,15,2,1,2
7117,13,3,4,2
7316,6,3,4,1
7377,4,3,4,3
7446,3,3,4,2
7472,9,3,4,3
7506,4,3,4,3
7620,6,3,3,3
7690,20,3,4,3
7700,20,2,2,1
7729,3,2,3,3
7804,3,3,4,3
7819,12,3,4,3
7901,12,3,4,3
7902,1,3,4,2
7950,2,2,2,1
8013,0,3,4,2
8015,11,3,2,3
8064,2,3,4,1
8186,23,1,1,1
8205,41,1,1,4
8245,10,3,1,3
8292,3,3,4,3
8297,4,3,4,3
8393,14,3,4,3
8403,12,3,4,3
8432,0,3,4,3
8513,0,3,4,3
8632,0,3,4,3
8638,6,3,4,3
8650,17,3,4,1
8776,18,3,4,3
8802,7,1,2,3
8829,15,3,4,3
8831,11,3,4,2
8881,8,3,4,1
8905,1,3,4,3
9007,15,2,2,3
9022,4,3,4,1
9060,8,3,4,1
9064,21,2,2,3
9186,30,3,4,1
9251,14,3,4,3
9265,27,2,2,3
9267,7,2,2,2
9288,13,3,4,3
9301,2,3,4,3
9323,4,3,4,2
9449,8,1,3,2
9453,8,2,2,3
9695,8,3,4,3
9764,5,3,4,2
9925,21,3,4,1
9928,6,3,4,3
9980,13,4,5,4
9983,5,3,4,2
10105,3,3,4,2
10190,19,3,4,3
10301,10,1,2,3
10368,13,1,3,2
10477,19,1,1,3
10587,5,3,2,3
10623,2,3,4,3
10845,6,3,4,3
10986,7,3,4,3
11048,6,1,1,1
11097,17,1,2,1
11138,7,3,4,2
11277,0,3,4,3
11344,28,3,4,1
11345,2,2,4,2
11410,8,3,4,3
11423,15,3,4,2
11471,0,3,4,3
11484,35,3,2,3
11505,27,2,3,1
11556,5,1,1,2
11835,7,3,4,1
11912,17,1,1,3
11947,29,3,4,1
12091,10,1,2,1
12099,9,3,4,1
12141,43,2,1,3
12370,10,3,4,3
12471,1,1,5,3
12511,47,3,4,1
12587,45,2,4,1
12595,13,3,4,1
12604,37,2,1,3
12679,35,3,1,3
12874,7,1,2,3
12944,10,3,4,2
13004,31,3,4,3
13083,13,3,4,3
13304,9,3,4,3
13414,4,2,3,3
13445,8,2,3,3
13486,35,3,4,3
13522,6,3,4,1
13631,6,3,4,2
13666,5,3,4,2
13715,28,3,4,3
13829,40,3,4,1
13942,3,3,4,3
14011,15,4,5,4
14301,21,2,4,2
14304,4,3,4,3
14554,25,2,1,1
14598,2,3,4,3
14634,6,1,3,1
14748,27,2,1,3
14767,6,3,4,3
14840,9,1,4,1
14847,9,3,4,3
14867,16,3,4,2
14933,8,3,4,3
14987,8,3,4,2
15031,0,3,4,3
15192,5,3,4,3
15200,6,3,4,3
15222,15,3,4,3
15413,11,3,4,1
15572,14,3,4,3
15621,22,3,4,3
15622,3,3,4,3
15631,4,1,2,2
15660,22,3,4,3
15729,25,3,4,3
15731,21,3,3,3
15803,6,1,3,1
15827,5,3,4,1
15839,15,2,1,2
15848,7,4,4,4
15858,27,3,4,3
15895,29,3,4,2
15902,18,3,4,1
15913,10,3,4,2
15957,14,2,1,1
15962,26,2,4,3
16067,1,3,4,3
16094,30,3,4,3
16130,0,3,4,3
16147,17,1,1,1
16183,19,3,4,1
16240,11,3,4,3
16245,1,3,4,2
16249,6,3,4,3
16308,5,3,4,2
16320,19,2,4,3
16328,0,3,4,2
16347,6,3,4,4
16348,3,3,4,3
16442,8,3,4,2
16498,10,3,4,2
16531,25,1,2,3
16550,26,3,4,2
16571,25,1,1,4
16572,7,3,4,3
16576,0,3,4,1
16585,18,3,4,3
16595,15,3,4,3
16626,8,3,4,3
16655,4,3,4,3
16667,2,3,5,3
16682,16,3,4,3
16769,11,1,3,3
16803,3,3,4,2
16835,26,1,3,1
16870,17,3,4,3
16892,4,3,4,3
16938,17,3,4,3
16976,9,3,4,3
16990,14,3,4,3
17000,34,3,4,3
17002,15,1,3,1
17092,22,3,4,3
17115,4,3,4,3
17129,6,1,3,3
17141,2,3,4,3
17185,6,3,4,2
17236,11,3,4,3
17238,6,1,3,3
17242,22,1,4,3
17250,11,3,4,3
17263,4,1,2,1
17289,2,3,4,1
17294,6,3,4,3
17330,29,1,4,3
17337,1,3,4,3
17345,8,3,4,3
17352,8,3,4,2
17369,1,3,4,3
17383,3,3,4,1
17390,43,3,4,3
17399,5,3,4,2
17410,15,3,4,3
17413,14,3,4,2
17454,1,3,4,1
17466,8,2,2,1
17469,4,3,4,1
17523,13,3,4,2
17531,12,3,3,2
17539,40,3,4,3
17553,37,3,4,1
17554,12,2,2,2
17575,11,1,2,2
17603,3,3,4,3
17628,2,3,4,3
17629,2,3,4,3
17673,5,3,4,3
17675,8,3,4,3
17686,25,3,4,3
17688,5,3,4,3
17715,10,2,4,1
17724,7,1,3,3
17778,6,3,4,3
17796,14,3,4,3
17850,23,3,4,3
17856,8,3,4,3
17888,18,3,4,2
17892,24,3,4,3
17896,7,3,4,3
17911,10,3,4,3
18004,8,3,4,3
18006,11,1,1,1
18016,20,3,4,2
18017,8,3,4,2
18018,3,3,4,3
18033,19,2,4,1
18044,9,3,4,3
18122,30,3,4,3
18125,2,3,4,3
18128,4,3,4,2
18139,21,2,2,1
18145,0,3,4,3
18173,23,2,1,3
18194,21,3,4,2
18199,9,3,4,3
18218,9,1,1,1
18248,3,3,4,3
18306,9,1,1,1
18310,2,3,4,2
18350,7,3,4,3
18361,6,3,4,1
18373,7,3,4,3
18389,4,1,2,1
18435,12,3,4,3
18450,3,3,4,1
18468,0,3,4,3
18509,1,3,4,2
18557,0,3,4,3
18567,0,3,4,3
18575,2,3,4,3
18583,4,3,4,1
18589,1,3,4,3
18592,5,3,4,3
18605,3,3,4,3
18618,22,1,3,3
18630,6,3,4,2
18663,5,3,4,3
18671,14,3,3,1
18707,5,3,4,2
18741,6,3,4,2
18746,10,3,4,3
18748,23,3,4,1
18755,24,3,4,3
18762,22,3,4,3
18767,15,3,4,3
18777,19,3,4,3
18815,11,3,4,3
18824,17,3,4,3
18825,10,3,4,3
18826,19,1,1,1
18827,3,3,4,3
18833,26,2,1,1
18889,9,2,2,1
18897,5,3,4,3
18898,0,3,4,3
18900,19,3,2,2
18905,13,3,4,3
18906,5,2,4,1
18912,25,3,4,3
18921,11,2,2,2
18934,3,3,4,3
18938,14,1,1,3
18942,10,2,2,1
18945,37,2,1,2
18948,23,3,4,3
18967,18,3,4,3
18970,0,3,4,2
18975,12,3,4,3
18978,4,3,4,2
18981,2,3,4,2
18986,16,2,1,3
18994,20,3,4,3
18998,12,2,4,1
19000,7,3,4,2
19001,6,3,4,3
19009,7,3,4,3
19018,38,2,1,3
19024,2,3,4,3
19032,10,3,4,3
19054,9,3,4,1
19071,6,2,2,2
19082,2,3,4,3
19091,1,3,4,3
19099,30,1,1,1
19107,4,3,4,2
19128,8,3,4,3
19148,10,3,4,3
19153,15,3,5,3
19160,13,3,4,3
19162,16,3,4,3
19163,21,3,4,1
19166,5,3,2,2
19179,9,3,4,3
19183,32,1,4,1
19184,11,3,4,3
19186,20,1,1,1
19217,1,2,4,3
19223,12,3,4,2
19259,1,3,4,3
19262,13,2,3,3
19268,13,3,4,2
19282,9,3,4,1
19289,27,2,1,1
19308,4,3,4,3
19315,15,3,4,3
19322,13,3,4,1
19328,24,3,4,4
19334,5,3,4,3
19379,10,3,4,3
19380,4,3,4,2
19384,2,3,4,2
19388,2,3,4,3
19407,4,3,4,2
19421,7,3,4,1
19423,11,3,4,2
19426,10,3,4,3
19483,20,2,4,3
19489,16,2,3,3
19526,19,3,4,3
19527,9,3,4,3
19530,13,3,3,3
19556,7,3,4,2
19557,17,3,4,3
19561,27,1,4,3
19583,15,3,4,3
19590,28,3,4,3
19598,14,3,4,2
19636,25,3,4,3
19669,30,1,2,2
19675,8,2,4,2
19696,23,2,2,2
19731,33,3,4,1
19740,3,3,4,3
19745,27,3,4,3
19747,20,3,4,3
19751,31,3,4,3
19765,12,3,4,2
19773,16,3,4,3
19807,2,3,4,3
19831,6,3,4,3
19838,3,3,4,3
19854,26,1,3,3
19862,22,3,4,3
19865,19,3,4,2
19885,12,3,4,3
19895,49,3,4,1
19897,29,3,4,2
19898,5,3,4,2
19901,6,3,4,2
19909,20,1,1,1
19911,3,1,2,2
19922,28,3,4,3
19932,1,3,4,3
19943,5,3,4,3
20009,26,3,4,2
20034,0,3,4,3
20052,2,3,4,2
20055,10,3,4,3
20060,0,3,4,3
20073,10,2,2,1
20103,11,3,4,3
20110,27,3,4,3
20114,10,3,4,3
20158,17,3,4,3
20159,17,3,4,3
20169,3,3,4,2
20171,4,3,4,3
20172,4,3,4,3
20183,48,2,1,2
20235,12,3,4,2
20240,32,2,1,1
20285,27,3,5,1
20294,2,3,4,3
20318,12,3,3,1
20329,7,3,4,2
20332,10,2,2,2
20375,6,3,4,1
20376,12,2,2,2
20381,13,2,1,3
20411,19,3,4,3
20444,11,3,4,1
20450,26,3,4,3
20475,13,3,4,3
20501,30,1,1,3
20519,28,2,1,2
20529,43,2,4,2
20530,5,3,4,1
20546,1,3,4,3
20549,9,1,2,2
20571,5,3,4,3
20586,12,3,4,2
20592,24,3,4,3
20600,14,2,4,3
20620,13,3,4,3
20633,12,1,3,3
20649,2,3,4,2
20652,29,1,1,3
20658,16,3,4,3
20662,14,3,4,1
20663,17,3,4,3
20687,1,3,4,3
20688,25,3,4,2
20693,1,3,4,3
20694,24,3,2,1
20709,3,1,2,1
20720,3,3,4,3
20766,0,3,4,1
20776,8,3,4,3
20777,12,3,4,3
20811,10,3,4,1
20858,2,3,4,3
20868,56,1,1,1
20870,5,3,4,2
20881,1,3,4,3
20887,6,3,4,3
20894,30,3,4,3
20895,12,1,1,1
20901,25,4,3,1
20912,1,2,4,2
20928,13,3,4,3
20942,26,2,4,3
20945,5,3,4,3
20947,8,3,4,3
20960,19,3,4,3
20991,9,4,3,1
21011,4,2,4,3
21013,12,4,5,3
21023,0,2,3,1
21058,5,3,4,3
21070,0,3,4,1
21082,2,3,4,3
21084,3,3,4,3
21112,16,3,4,2
21115,6,3,4,3
21118,6,3,4,1
21126,2,4,5,4
21145,6,3,4,1
21150,12,3,4,2
21193,2,3,4,3
21204,14,2,4,2
21220,10,3,4,3
21245,17,3,4,1
21308,15,3,4,3
21343,27,2,1,3
21376,5,3,4,3
21395,2,3,4,3
21411,9,3,4,1
21414,18,1,2,3
21445,30,3,3,3
21464,0,3,4,3
21491,20,1,3,2
21539,7,3,4,2
21543,26,2,2,3
21547,7,2,2,1
21560,12,3,4,2
21575,15,2,2,3
21602,4,2,3,2
21603,5,3,3,3
21615,6,3,2,3
21616,4,3,4,2
21635,0,3,4,2
21642,9,3,4,3
21653,4,3,4,2
21659,6,3,4,1
21660,11,3,4,3
21686,3,3,4,3
21707,25,3,4,1
21711,7,3,4,3
21719,9,3,4,3
21743,12,2,3,1
21762,8,3,4,3
21778,7,3,4,3
21783,3,3,4,3
21786,7,1,4,2
21788,5,3,4,2
21802,6,3,4,3
21816,12,3,4,2
21884,7,2,2,3
21892,16,3,4,3
21904,11,3,4,3
21915,8,2,1,2
21922,4,3,4,2
21923,12,2,1,4
21924,13,3,3,2
21953,5,3,4,2
21955,30,3,4,3
21970,1,1,1,1
21973,5,3,4,3
21976,9,3,4,1
21977,11,3,4,3
21987,17,3,4,2
21998,0,3,4,3
21999,8,3,4,2
22030,11,1,4,2
22044,10,3,4,3
22061,28,2,3,2
22094,0,3,4,2
22095,3,3,4,1
22120,12,4,2,1
22122,18,3,4,3
22127,15,3,4,3
22141,1,3,4,3
22153,3,3,4,3
22163,18,3,4,3
22187,16,3,4,3
22199,4,3,4,3
22208,13,3,3,2
22209,36,3,4,3
22214,10,3,4,3
22219,8,3,4,3
22221,0,3,4,3
22225,9,3,4,3
22232,24,3,4,3
22246,1,3,4,1
22260,13,1,4,1
22317,3,3,4,3
22318,5,3,4,3
22325,14,3,4,2
22331,4,2,1,2
22332,2,3,4,2
22338,18,2,1,1
22357,5,3,4,3
22362,3,3,4,3
22384,4,3,3,2
22385,13,4,4,3
22393,6,3,4,3
22395,12,4,2,3
22408,7,3,4,3
22421,4,3,4,4
22446,6,3,4,3
22447,8,3,4,3
22467,4,3,4,2
22471,19,3,4,3
22472,3,3,4,3
22489,1,1,2,1
22490,15,3,4,3
22495,6,2,2,1
22507,0,1,1,1
22530,16,2,2,3
22533,0,3,4,3
22571,14,3,4,2
22575,1,3,4,2
22591,6,3,4,3
22612,0,3,4,3
22638,4,3,4,2
22641,8,3,4,3
22643,13,2,2,1
22652,7,3,4,3
22660,1,3,4,3
22662,0,3,4,2
22668,1,3,4,3
22670,1,3,4,3
22678,5,1,3,1
22703,5,3,4,2
22705,11,3,4,2
22706,5,3,4,3
22737,6,3,4,2
22744,4,1,1,3
22745,14,2,2,1
22754,0,3,4,3
22755,2,3,4,2
22759,0,3,4,3
22760,1,3,4,3
22765,1,3,4,2
22771,2,3,4,3
22775,19,2,4,3
22776,11,3,4,2
22779,0,3,4,1
22782,6,3,4,3
22786,6,3,4,3
22789,7,3,4,2
22790,4,3,4,2
22791,0,3,4,2
22792,8,1,2,3
22802,5,3,4,2
22804,8,3,4,2
22809,32,3,4,3
22812,13,3,4,3
22821,4,3,4,3
22824,36,2,1,3
22828,7,3,4,2
22834,11,3,4,3
22839,9,3,4,3
22841,0,3,4,3
22847,0,1,2,1
22848,7,4,4,3
22851,9,3,4,2
22856,23,2,4,1
22857,11,3,4,2
22873,15,3,4,3
22877,4,3,4,2
22880,0,3,4,2
22881,11,3,4,3
22884,25,1,2,3
22891,13,2,4,3
22897,14,3,4,3
22912,5,3,4,2
22933,4,3,4,3
22934,7,2,2,2
22935,5,3,4,3
22950,15,3,4,3
22957,6,3,4,1
22978,3,3,4,3
22980,2,1,4,3
23001,2,3,4,2
23019,10,3,4,1
23024,15,2,2,3
23051,13,3,4,2
23056,6,3,4,2
23060,11,3,4,3
23062,4,3,4,3
23069,5,3,3,3
23077,0,3,4,3
23078,4,3,4,1
23115,0,3,4,3
23132,9,1,2,3
23157,3,3,4,2
23164,1,3,4,2
23182,4,2,4,2
23186,14,4,3,3
23211,11,3,4,2
23215,12,3,4,3
23220,4,3,4,1
23233,7,1,2,1
23235,17,2,4,1
23291,10,3,4,1
23294,31,3,4,3
23310,19,1,2,1
23314,11,2,4,1
23325,4,3,4,3
23326,26,1,1,2
23352,18,3,4,3
23357,6,3,4,3
23368,37,1,4,3
23371,3,3,4,1
23380,3,2,3,1
23382,2,3,4,2
23390,2,3,4,2
23398,16,2,4,1
23408,5,3,4,3
23410,5,3,4,3
23414,2,3,4,3
23418,34,3,4,3
23420,0,3,5,2
23460,24,3,1,3
23462,4,3,4,3
23495,9,3,4,1
23501,13,3,4,3
23508,37,2,1,3
23519,0,3,4,3
23529,5,2,1,3
23530,36,1,1,1
23534,9,3,4,2
23536,14,2,4,3
23542,22,1,2,3
23543,4,3,4,1
23545,26,2,1,2
23547,4,2,2,2
23548,6,3,4,1
23552,8,3,4,3
23553,7,2,2,1
23554,33,3,4,3
23555,33,1,1,3
23558,19,2,1,1
23565,25,1,3,1
23571,7,3,4,1
23573,37,2,2,3
23584,10,3,4,1
23588,16,3,4,3
23597,9,3,4,3
23598,5,3,4,1
23601,9,3,4,1
23610,10,3,4,2
23614,8,2,2,1
23616,9,2,3,2
23627,13,2,3,3
23628,9,3,4,2
23635,9,3,4,3
23636,40,1,1,1
23638,3,2,4,3
23642,20,3,4,2
23643,15,3,4,1
23648,18,3,4,1
23653,10,3,4,2
23655,9,3,4,3
23657,29,3,4,2
23662,4,3,4,3
23671,1,3,4,3
23672,11,3,4,2
23673,0,3,4,3
23677,11,3,4,2
23685,3,3,4,3
23686,21,3,4,1
23689,37,1,1,3
23691,16,3,3,2
23696,40,1,1,3
23707,3,3,4,3
23710,15,3,4,3
23715,5,2,4,2
23719,7,3,4,3
23720,0,3,4,1
23721,9,3,3,3
23724,1,3,4,4
23727,6,3,5,3
23728,14,3,4,2
23732,6,2,3,1
23734,18,3,4,2
23735,4,3,4,4
23738,21,3,2,1
23750,3,3,4,2
23755,27,3,4,1
23774,18,3,4,3
23778,8,3,4,3
23782,37,2,1,3
23784,1,3,4,2
23793,4,2,1,2
23795,5,3,4,1
23804,16,3,4,2
23808,36,1,1,3
23809,4,3,4,3
23825,13,3,4,3
23828,0,3,4,1
23830,33,3,4,3
23832,2,2,1,1
23839,10,3,4,2
23841,14,2,3,1
23855,12,3,4,3
23856,20,3,4,3
23865,17,3,4,2
23874,12,2,5,3
23878,11,3,4,2
23879,9,2,1,1
23880,19,3,4,3
23891,30,2,1,3
23894,36,1,3,3
23902,5,3,4,3
23909,0,3,4,3
23914,0,2,2,2
23917,16,2,2,1
23918,5,2,2,2
23919,23,3,4,3
23926,4,3,4,2
23928,19,2,1,1
23938,0,3,4,3
23940,1,2,2,2
23953,20,2,1,1
23959,0,3,4,3
23961,9,3,4,3
23968,33,3,4,3
23970,9,2,2,3
23985,28,3,4,3
23986,5,2,2,3
23987,4,3,4,1
23989,11,3,4,3
23995,11,2,2,2
23999,10,3,4,3
24001,12,2,1,1
24006,10,3,4,1
24007,2,3,4,2
24015,0,2,2,1
24033,31,3,4,2
24036,17,3,4,3
24044,5,3,4,3
24046,8,3,4,3
24051,13,3,4,2
24055,11,3,4,1
24062,22,3,4,3
24071,0,3,4,1
24078,11,2,3,1
24083,16,3,4,1
24084,9,2,2,3
24098,36,1,1,1
24099,23,4,4,1
24105,1,3,4,3
24108,8,3,4,1
24109,4,2,4,1
24123,14,3,4,3
24125,4,2,3,2
24129,13,2,1,1
24131,19,1,2,1
24133,0,3,4,3
24134,0,4,4,3
24141,3,3,4,4
24145,23,3,4,1
24152,17,2,4,1
24153,11,3,4,3
24155,8,3,4,3
24161,33,2,4,1
24162,14,3,1,2
24163,36,2,1,4
24183,3,3,4,2
24185,6,3,4,3
24186,7,2,4,1
24193,0,3,4,2
24197,26,2,1,3
24200,17,3,4,2
24201,9,2,2,3
24204,10,2,3,3
24205,21,3,3,3
24213,9,3,4,3
24220,0,3,4,3
24222,4,3,4,3
24225,42,3,4,3
24231,28,1,5,1
24233,13,2,1,3
24234,15,2,2,3
24239,11,2,4,3
24242,16,3,4,3
24249,30,2,2,3
24262,13,3,4,2
24274,13,3,4,3
24276,11,3,4,1
24282,8,3,4,3
24303,4,3,4,2
24304,34,1,1,1
24311,4,3,4,2
24323,5,3,4,2
24328,2,3,4,2
24337,9,3,4,3
24339,6,3,4,2
24342,3,3,3,3
24343,20,2,3,3
24346,4,3,4,3
24356,22,3,4,3
24357,23,1,3,1
24363,4,1,2,2
24365,0,3,4,3
24371,3,2,3,3
24385,21,3,4,3
24397,11,3,4,3
24402,15,3,4,3
24406,16,3,4,3
24407,26,2,1,2
24409,7,3,4,2
24413,15,3,4,3
24415,9,3,4,1
24423,14,2,1,1
24424,0,3,4,3
24436,0,2,2,3
24437,13,2,3,1
24442,12,2,4,3
24447,39,2,2,3
24448,20,2,2,1
24453,5,3,4,2
24455,21,2,1,2
24465,5,3,4,3
24468,7,3,4,3
24473,17,2,2,3
24484,2,3,4,3
24488,13,2,1,3
24514,9,3,4,2
24516,16,2,2,3
24517,5,3,4,2
24519,23,2,3,3
24526,4,3,4,3
24535,2,3,4,3
24539,46,3,4,2
24540,24,3,4,1
24543,12,2,2,3
24544,39,2,1,3
24546,3,2,4,2
24554,9,1,2,2
24568,19,3,4,1
24575,25,2,2,3
24581,5,3,5,3
24590,37,2,1,2
24598,11,2,2,2
24601,13,3,4,2
24604,0,3,4,2
24605,49,2,2,2
24614,11,1,1,1
24619,18,4,5,4
24622,1,3,4,2
24625,6,2,2,2
24630,8,1,2,1
24636,18,2,3,3
24637,3,3,4,2
24639,19,2,2,1
24641,35,3,4,3
24645,15,3,5,2
24651,0,3,4,3
24653,9,3,4,2
24663,7,2,4,2
24672,7,2,1,1
24674,0,2,2,3
24676,5,3,4,3
24677,8,3,4,3
24678,16,3,4,3
24683,2,2,2,1
24685,6,3,4,3
24687,6,3,4,2
24688,21,3,4,2
24698,28,3,4,1
24701,28,2,1,2
24702,14,2,3,3
24703,11,1,2,2
24704,21,3,4,2
24715,10,2,1,2
24721,25,2,1,3
24732,37,2,2,1
24737,6,3,4,1
24738,22,3,4,2
24740,0,1,1,1
24749,25,2,1,1
24753,7,2,2,1
24758,3,3,4,3
24759,13,2,1,1
24766,50,1,1,1
24767,11,3,4,3
24772,24,3,4,3
24776,9,3,4,3
24786,8,2,1,3
24787,11,3,4,3
24792,10,3,4,3
24799,9,2,2,2
24811,27,2,2,2
24816,8,3,4,2
24827,29,3,3,3
24828,7,3,4,3
24835,22,3,4,1
24840,1,3,4,3
24854,5,3,4,2
24860,2,2,2,2
24869,25,3,4,2
24871,20,3,4,3
24895,15,3,4,3
24901,20,2,2,4
24904,6,3,4,2
24910,12,3,4,2
24914,6,3,4,3
24919,14,3,3,2
24920,10,3,4,1
24924,13,3,4,3
24927,23,2,1,1
24929,2,2,3,3
24935,2,3,4,3
24941,37,2,1,1
24943,37,2,3,2
24947,5,3,4,1
24960,19,2,2,3
24977,12,2,2,2
24984,6,3,4,3
25120,5,3,5,1
25146,7,3,4,2
25175,4,3,4,3
25325,9,2,3,2
25385,0,3,4,3
25461,4,1,2,1
25511,3,3,4,3
25566,0,3,4,2
25640,13,3,4,3
25650,11,3,4,3
25665,3,3,4,3
25674,19,3,4,1
25856,4,3,4,2
25930,3,1,2,2
25936,13,3,4,2
26003,23,3,4,1
26029,13,3,4,4
26035,11,3,4,2
26058,4,2,4,2
26069,22,1,3,3
26071,25,1,2,3
26106,22,3,4,3
26112,30,2,3,3
26177,31,3,2,3
26181,5,3,4,3
26195,26,1,1,3
26199,0,3,4,3
26216,9,3,4,3
26255,30,2,3,1
26311,11,1,2,2
26332,1,3,4,3
26355,4,3,4,3
26361,44,3,4,3
26398,7,3,4,3
26421,3,3,4,1
26450,7,3,4,3
26466,19,3,4,3
26487,35,3,4,3
26527,4,3,4,3
26538,7,1,1,1
26542,0,1,2,4
26567,10,3,4,2
26569,30,3,4,1
26614,4,3,4,3
26621,7,3,2,2
26666,2,3,4,3
26755,14,3,4,3
26768,6,3,4,3
26787,6,3,4,1
26824,6,3,4,1
26835,2,3,4,3
26844,4,3,4,3
26855,5,3,4,3
26872,9,3,2,3
26881,20,3,4,1
26897,23,3,4,1
26905,4,3,4,3
26931,0,3,4,3
26979,37,3,4,3
26993,3,2,2,1
27006,5,3,4,2
27018,6,3,4,2
27019,0,3,4,3
27022,13,3,4,1
27025,15,3,4,1
27026,37,1,1,2
27029,6,3,4,3
27032,15,3,3,2
27052,11,3,4,1
27059,13,3,4,2
27072,7,3,4,1
27093,3,3,4,2
27126,2,2,4,3
27182,2,3,4,1
27229,23,2,1,3
27273,53,1,1,1
27299,7,1,1,1
27308,6,3,4,2
27342,11,1,4,1
27351,29,1,3,1
27363,2,3,4,1
27384,5,3,4,3
27404,4,1,2,3
27410,17,3,4,3
27431,20,3,4,2
27440,8,2,3,3
27446,0,2,2,2
27447,17,3,4,3
27475,14,3,4,1
27503,20,3,4,3
27511,8,3,4,3
27531,6,3,4,1
27538,8,2,4,3
27541,14,3,4,2
27568,11,3,4,3
27582,9,1,3,1
27585,4,3,4,3
27594,15,3,4,2
27600,2,3,4,3
27606,5,3,4,2
27629,7,3,4,3
27668,0,2,4,1
27688,7,1,1,2
27693,7,3,4,3
27725,3,3,4,3
27783,19,2,3,2
27802,49,1,3,3
27804,2,3,4,3
27807,39,2,1,1
27811,22,1,1,1
27819,5,2,2,3
27871,6,3,4,2
27874,18,3,4,3
27892,7,3,4,1
27916,6,3,4,1
27963,18,3,4,1
28019,2,2,1,3
28044,0,3,4,3
28050,35,3,4,3
28079,27,3,4,3
28184,10,3,4,2
28186,10,4,4,4
28192,32,2,1,1
28224,26,3,4,2
28230,4,3,4,3
28233,15,3,4,1
28234,11,3,4,3
28273,7,1,1,1
28280,33,3,4,2
28294,1,3,4,3
28336,15,3,4,2
28346,5,3,4,2
28357,2,3,4,2
28368,5,3,4,3
28380,0,3,4,2
28387,11,3,2,3
28399,20,2,2,3
28414,12,3,4,3
28466,2,3,4,3
28505,32,3,4,3
28507,4,3,4,3
28534,49,2,3,1
28553,27,3,3,3
28559,6,1,2,1
28601,29,2,3,1
28629,6,3,4,2
28651,25,1,3,1
28704,5,3,4,3
28705,4,3,4,1
28709,3,3,4,3
28759,15,3,4,1
28765,10,3,4,3
28816,58,1,1,3
28860,20,3,3,3
28868,4,3,4,3
28885,24,1,1,1
28922,4,3,4,3
28927,11,3,4,3
28943,1,3,4,3
28988,9,3,4,3
29001,5,3,4,1
29022,7,1,4,2
29034,21,3,4,4
29035,12,3,4,3
29067,5,3,4,3
29072,26,3,4,2
29198,17,3,4,3
29210,12,2,2,3
29222,9,1,2,3
29296,15,3,4,2
29305,20,3,4,3
29325,17,3,4,3
29340,11,3,4,1
29356,12,3,4,2
29398,13,2,2,1
29434,31,3,4,3
29440,16,2,3,3
29470,5,3,4,2
29471,33,3,4,3
29478,0,3,4,2
29507,10,3,4,3
29511,13,3,4,3
29514,8,3,1,2
29527,19,1,3,1
29534,8,3,4,3
29539,9,3,4,3
29548,0,2,3,1
29557,5,3,4,2
29569,19,3,4,1
29582,31,2,1,3
29642,10,3,4,3
29667,30,2,5,3
29668,10,3,4,2
29675,8,3,4,3
29683,10,3,4,3
29689,22,3,5,2
29694,18,1,3,2
29707,4,3,4,3
29724,1,3,4,3
29725,2,3,4,3
29757,26,3,4,3
29764,4,3,4,3
29823,21,2,4,3
29955,21,1,2,3
29958,13,3,4,3
29959,17,3,4,3
29964,6,3,4,3
29971,23,3,4,3
29978,2,3,4,3
29984,28,2,2,2
29985,18,3,3,1
30033,15,2,2,2
30074,6,3,4,3
30080,5,3,4,3
30108,20,2,2,1
30169,5,3,4,3
30186,12,3,4,3
30194,8,1,2,3
30212,11,3,4,3
30219,28,3,4,3
30221,6,3,3,3
30247,15,3,4,3
30274,18,2,3,2
30318,23,3,4,3
30386,9,3,4,3
30405,46,3,4,1
30448,10,1,1,1
30460,9,3,4,1
30475,45,1,4,1
30477,11,3,4,3
30494,7,3,4,2
30495,4,3,4,3
30537,3,3,3,3
30584,0,3,4,2
30586,11,3,4,3
30616,1,3,4,3
30678,4,3,4,3
30689,11,3,4,1
30714,8,2,2,2
30834,7,3,4,3
30840,3,3,4,2
30856,36,1,1,1
30857,7,3,4,3
30871,2,3,4,3
30920,16,3,4,2
30925,3,3,4,1
30940,18,3,4,2
30944,21,3,4,3
30951,7,3,4,3
30952,1,3,4,3
30956,5,3,4,2
31008,27,3,4,3
31010,5,3,4,1
31012,10,3,4,3
31041,18,1,3,2
31051,6,3,4,3
31067,8,3,2,1
31122,9,3,4,3
31137,4,3,4,3
31145,32,1,3,1
31161,2,3,4,3
31169,18,2,2,3
31205,0,3,4,2
31238,17,1,2,1
31241,13,3,4,1
31321,9,3,4,2
31444,0,4,4,3
31457,3,3,4,3
31469,4,3,4,2
31476,15,3,4,3
31535,13,3,4,3
31545,26,2,2,1
31548,0,3,4,2
31612,50,3,4,3
31654,3,3,4,2
31723,11,4,5,3
31742,24,3,4,1
31749,6,3,4,3
31756,31,1,3,3
31788,39,3,4,1
31848,0,3,4,2
31860,25,1,2,3
31898,3,3,4,3
31910,14,3,4,1
31944,8,3,4,3
31993,25,3,3,2
32006,24,3,4,1
32012,4,3,4,1
32032,3,3,4,2
32051,2,3,4,3
32122,9,1,2,1
32126,6,3,4,1
32141,5,3,4,3
32170,10,3,4,2
32173,23,3,4,3
32177,7,3,4,2
32189,14,2,4,3
32191,6,3,4,2
32199,7,2,1,1
32248,0,3,4,3
32286,2,3,4,3
32310,42,3,4,2
32317,2,3,4,3
32346,18,3,4,3
32351,37,2,1,1
32387,0,3,4,3
32481,21,3,4,1
32515,1,1,2,1
32518,7,3,4,2
32530,12,3,4,3
32533,6,1,3,2
32536,4,3,4,2
32545,0,3,4,2
32550,13,3,4,3
32613,9,3,4,1
32632,4,3,4,3
32636,19,2,2,3
32646,10,3,4,2
32656,6,3,4,3
32672,8,3,4,3
32688,6,3,4,3
32691,0,3,4,2
32737,15,1,2,3
32764,12,3,3,1
32768,13,3,4,2
32770,44,1,1,2
32780,23,3,4,2
32783,1,3,4,2
32801,15,3,4,3
32803,13,1,1,3
32818,14,2,3,3
32861,13,2,4,3
32917,26,3,4,3
32948,39,1,3,2
32951,6,3,4,2
32965,11,3,4,2
32966,21,2,2,3
32999,19,3,4,2
33002,6,3,4,1
33029,2,3,4,3
33075,1,3,4,2
33088,0,3,4,3
33161,27,3,4,3
33163,7,3,4,3
33169,16,3,4,2
33182,7,3,4,3
33276,20,3,4,3
33281,2,3,4,1
33286,39,1,3,3
33298,2,3,4,3
33305,14,3,4,2
33306,0,3,4,2
33316,12,3,4,3
33337,19,1,2,2
33344,8,3,4,2
33397,5,2,2,3
33425,10,3,4,1
33440,0,3,4,3
33458,3,3,4,3
33471,8,2,1,3
33472,3,3,4,3
33548,22,3,4,3
33559,6,2,4,3
33586,12,3,4,1
33618,5,3,4,3
33623,13,3,4,3
33637,27,3,4,2
33660,5,3,4,3
33672,8,3,4,3
33674,19,2,4,2
33723,2,3,4,2
33760,8,2,2,1
33768,8,3,4,1
33797,19,3,4,1
33854,9,3,4,3
33896,2,2,4,3
33914,21,1,3,3
33996,28,1,1,1
34005,12,3,4,2
34014,3,3,4,2
34047,0,3,4,3
34166,8,3,4,2
34191,10,3,4,2
34196,10,2,3,2
34274,31,1,1,3
34293,13,3,4,2
34366,3,4,3,1
34370,17,1,3,3
34379,8,3,2,2
34428,2,3,4,2
34444,9,3,4,1
34457,12,2,1,3
34519,4,3,4,2
34529,6,3,4,2
34552,3,1,1,1
34571,21,2,3,1
34572,4,3,4,3
34588,4,3,4,2
34606,4,3,4,3
34628,1,3,4,3
34635,14,1,1,1
34670,31,3,4,3
34671,13,3,4,3
34679,8,3,4,2
34687,6,3,4,2
34689,38,2,1,1
34694,14,3,4,3
34705,20,2,4,3
34706,20,1,2,2
34723,33,2,1,1
34788,11,3,4,3
34816,0,2,1,3
34843,8,2,3,3
34856,5,3,4,1
34865,12,3,4,3
34870,3,3,4,3
34882,4,3,2,3
34896,8,3,4,3
34909,40,2,3,3
34926,10,2,1,3
34931,5,2,4,2
34944,43,3,4,1
34946,0,3,4,3
34959,19,2,2,2
34961,3,2,4,2
34988,16,2,1,1
35032,5,3,4,1
35096,9,3,4,1
35100,11,3,4,1
35118,35,2,3,2
35147,5,3,4,1
35155,10,3,4,3
35189,18,3,4,3
35212,1,3,4,3
35241,7,3,4,3
35250,8,3,4,1
35276,27,3,4,3
35292,3,3,4,2
35293,11,3,4,2
35299,2,3,4,3
35307,5,3,4,3
35310,10,2,1,3
35313,20,3,4,3
35414,12,1,3,3
35438,28,1,1,1
35439,17,3,4,3
35456,48,1,1,1
35471,0,3,4,2
35478,0,3,4,3
35580,17,3,4,2
35585,40,1,1,3
35613,7,3,4,1
35628,0,2,2,2
35636,16,1,2,2
35662,2,3,4,3
35707,0,3,4,3
35708,10,3,4,2
35718,19,3,4,2
35726,8,3,4,1
35744,3,3,4,3
35747,13,3,4,2
35781,12,3,4,2
35782,23,1,1,1
35809,0,3,4,3
35830,5,2,4,3
35865,3,3,4,3
35874,24,1,4,3
35880,10,3,4,3
35888,2,3,4,2
35905,13,3,4,1
35916,21,3,4,2
35919,3,3,4,2
35987,24,2,2,3
36013,0,3,4,3
36043,7,3,4,2
36055,0,1,3,2
36065,2,3,4,2
36066,25,1,4,2
36078,22,1,2,1
36082,28,3,4,2
36120,5,3,4,1
36136,14,3,4,2
36152,10,2,1,3
36192,12,1,3,1
36269,19,3,4,2
36288,8,3,4,3
36302,26,3,4,3
36304,9,3,4,3
36316,14,3,1,1
36329,9,3,2,3
36352,5,3,4,3
36374,8,3,4,1
36415,4,2,4,2
36421,7,3,4,3
36429,5,3,4,3
36437,22,2,1,1
36442,1,3,4,3
36446,8,2,2,2
36552,18,3,4,3
36576,6,3,4,2
36599,10,3,2,3
36731,12,1,2,2
36733,3,3,4,2
36763,13,3,4,3
36769,1,3,4,1
36782,8,3,4,3
36783,11,3,4,3
36871,25,2,1,1
36875,12,3,4,3
36911,14,3,4,2
36960,11,3,4,3
37007,31,1,1,1
37012,10,1,1,1
37022,22,1,3,2
37030,12,3,4,3
37042,22,2,2,2
37056,29,2,3,1
37059,13,3,4,1
37069,50,1,4,3
37085,5,3,4,3
37086,10,3,4,3
37106,4,3,4,1
37134,3,3,4,3
37147,8,3,4,3
37148,14,3,4,3
37152,13,3,4,3
37190,33,3,4,2
37263,6,3,4,2
37310,16,3,4,3
37391,22,1,1,1
37429,19,3,4,3
37469,12,2,2,1
37479,13,3,4,3
37481,1,3,4,2
37483,22,3,3,1
37488,2,3,4,3
37498,13,3,4,1
37548,3,3,4,1
37556,5,4,5,4
37579,36,2,3,1
37601,16,1,3,1
37614,5,3,4,2
37642,3,3,4,3
37654,9,1,3,2
37662,3,3,2,2
37665,0,3,4,3
37687,10,2,1,1
37792,16,3,4,3
37809,8,1,3,1
37814,4,1,2,3
37822,12,3,4,2
37824,10,2,2,1
37854,17,3,4,2
37877,3,3,4,1
37893,39,3,3,1
37908,18,3,4,1
37932,29,3,4,2
37934,1,3,4,1
37972,1,1,1,1
37977,11,3,4,3
38105,3,3,4,3
38128,27,4,3,1
38142,9,2,2,2
38198,9,1,2,1
38220,2,3,4,3
38296,30,4,4,3
38348,8,3,4,3
38395,21,3,4,2
38436,6,2,4,2
38450,32,2,1,1
38521,31,2,2,2
38524,5,3,4,3
38538,11,3,4,3
38545,5,3,4,2
38565,18,3,4,3
38588,13,2,2,2
38622,14,2,1,1
38636,6,3,4,2
38650,0,1,2,2
38657,22,3,4,3
38701,5,3,4,3
38704,10,2,2,1
38710,44,3,4,2
38792,6,1,3,2
38798,30,3,4,3
38810,10,3,4,3
38828,38,1,2,4
38834,43,3,4,2
38870,30,1,3,1
38873,30,3,4,2
38884,43,3,4,3
38886,4,3,4,3
38909,5,3,4,1
38916,57,1,1,1
38930,7,2,2,4
38951,7,3,4,2
38973,15,2,2,2
39006,19,1,2,1
39023,38,3,2,3
39046,21,2,1,1
39097,56,1,1,1
39124,20,2,4,3
39127,5,3,4,3
39140,14,3,4,1
39166,8,2,3,1
39177,0,3,4,3
39202,18,3,4,3
39282,4,3,4,3
39323,7,1,2,3
39379,3,3,4,1
39481,0,3,3,2
39502,2,3,4,3
39516,15,3,4,1
39535,33,4,4,3
39544,47,3,4,1
39632,17,4,5,4
39640,6,3,4,1
39666,1,3,4,3
39685,21,3,4,3
39718,29,3,4,1
39742,10,3,4,3
39832,22,1,3,1
39841,13,3,4,1
39887,8,1,2,3
39906,20,4,2,2
39929,24,1,4,2
39961,12,3,4,3
40052,6,3,4,2
40061,12,3,4,3
40076,7,3,4,2
40080,6,3,2,1
40085,10,1,2,2
40171,10,3,4,1
40175,15,3,5,3
40192,30,4,5,2
40206,2,1,1,1
40243,4,3,4,1
40250,9,3,4,2
40284,42,3,4,2
40290,11,1,2,1
40299,1,3,2,2
40314,19,3,4,2
40318,5,3,4,3
40355,24,2,2,1
40459,9,2,1,1
40467,0,3,4,1
40494,14,3,4,3
40501,1,3,4,3
40506,16,3,4,3
40549,7,3,4,1
40550,2,2,1,1
40556,4,2,2,1
40580,21,3,4,3
40584,45,1,2,2
40595,7,3,4,3
40646,23,1,3,1
40663,2,1,3,1
40710,2,3,4,2
40728,4,2,4,1
40806,11,4,2,1
40819,10,3,4,1
40899,16,3,4,3
40905,32,2,4,1
40944,14,3,4,1
40966,2,3,4,3
40980,0,3,4,1
40983,11,3,4,3
40991,0,3,4,2
40992,22,1,1,3
41040,9,3,4,3
41052,10,1,2,1
41105,7,3,4,1
41145,26,3,4,3
41150,12,3,4,3
41166,6,3,4,2
41242,3,3,4,2
41320,22,2,2,1
41349,3,1,3,1
41376,21,3,4,3
41392,46,2,3,2
41393,3,3,4,3
41410,7,3,4,1
41416,16,2,3,3
41429,19,3,4,3
41444,3,1,1,1
41447,27,3,4,2
41459,48,1,1,2
41506,10,2,2,1
41522,9,3,4,3
41548,18,3,4,3
41549,10,2,2,1
41685,9,3,4,3
41698,5,1,2,1
41754,4,3,3,1
41802,4,3,4,3
41808,24,2,4,3
41809,24,3,4,3
41842,21,1,1,1
41857,28,1,1,1
41860,6,3,4,3
41880,11,3,2,1
41926,6,1,3,2
41935,1,3,4,2
42010,11,3,4,3
42024,41,1,1,1
42035,5,1,2,2
42044,12,1,4,2
42126,4,3,4,3
42143,13,1,2,1
42154,2,3,4,1
42215,10,2,3,1
42218,4,3,4,1
42277,38,3,4,2
42280,0,3,4,3
42335,24,1,3,1
42464,1,3,4,3
42481,20,2,3,1
42609,13,3,4,3
42624,20,2,4,1
42778,21,1,1,1
42804,34,4,4,3
42806,15,3,4,3
42816,44,2,3,3
42829,9,2,3,2
42841,9,3,4,2
42854,21,3,4,3
42875,0,2,2,3
42895,1,2,2,2
42930,5,2,4,3
42935,22,2,1,1
42974,0,3,4,3
42976,11,3,2,3
42992,7,1,3,1
43011,29,1,1,3
43058,18,3,4,3
43084,41,1,2,1
43111,1,2,1,2
43163,10,3,4,3
43195,4,3,4,1
43297,24,2,2,3
43327,2,2,2,3
43333,9,3,4,2
43358,58,1,3,2
43362,41,1,1,1
43378,10,3,4,3
43387,26,1,3,2
43394,0,3,4,2
43395,14,2,3,2
43396,28,3,3,1
43440,0,3,4,3
43449,6,3,4,3
43454,30,3,2,3
43472,4,3,4,1
43481,4,3,4,3
43535,23,3,4,3
43551,6,3,4,3
43554,36,3,4,3
43612,13,3,4,3
43625,12,3,4,3
43631,30,2,4,1
43639,6,3,4,2
43670,5,3,4,1
43699,22,3,4,2
43739,38,2,1,3
43779,6,2,2,3
43819,11,3,4,3
43849,9,3,4,3
43854,1,3,4,2
43898,11,3,4,3
43932,2,3,4,1
43955,6,3,4,3
43958,35,3,3,3
43978,7,3,4,2
43979,5,3,4,3
44020,32,3,4,3
44031,10,3,4,3
44047,25,1,1,1
44064,2,3,4,4
44065,0,3,4,3
44086,0,3,4,3
44091,3,3,4,3
44092,6,3,4,3
44111,11,3,4,3
44123,23,3,4,3
44160,7,3,4,3
44162,45,2,1,3
44177,3,3,4,3
44198,4,2,4,2
44217,34,3,4,3
44219,7,3,4,3
44251,12,3,4,3
44298,40,1,1,3
44308,25,1,1,1
44322,53,2,1,1
44342,13,3,4,3
44364,3,3,4,3
44368,14,3,4,3
44375,3,3,4,3
44455,3,2,4,3
